Date,Link,Name,Organizer,Location,Country,Website,Deadline,Hindex
16-06-2020,http://www.guide2research.com/topconf/?p=13992,CVPR : IEEE/CVF Conference on Computer Vision and Pattern Recognition,IEEE,Seattle,United States,http://cvpr2020.thecvf.com/,27-01-2020,240
10-12-2019,http://www.guide2research.com/topconf/?p=12674,NeurIPS : Neural Information Processing Systems (NIPS),NIPS,Vancouver,Canada,https://nips.cc,12-07-2019,169
23-08-2020,http://www.guide2research.com/topconf/?p=13927,ECCV : European Conference on Computer Vision,Springer,Glasgow,United Kingdom,https://eccv2020.eu/,07-04-2020,137
13-07-2020,http://www.guide2research.com/topconf/?p=13749,ICML : International Conference on Machine Learning (ICML),IMLS,Vienna,Austria,https://icml.cc/Conferences/2020,11-03-2020,135
27-10-2019,http://www.guide2research.com/topconf/?p=11392,ICCV : IEEE/CVF International Conference on Computer Vision,IEEE,Seoul,South Korea,http://iccv2019.thecvf.com/,03-06-2019,129
5-07-2020,http://www.guide2research.com/topconf/?p=14008,ACL : Meeting of the Association for Computational Linguistics (ACL),ACL,Seattle,United States,https://acl2020.org/,14-02-2020,106
7-02-2020,http://www.guide2research.com/topconf/?p=13478,AAAI : AAAI Conference on Artificial Intelligence,AAAI,Hilton New York Midtown,United States,https://aaai.org/Conferences/AAAI-20,29-09-2019,95
3-12-2019,http://www.guide2research.com/topconf/?p=13564,EMNLP : Conference on Empirical Methods in Natural Language Processing (EMNLP),ACL,Hong Kong,Hong Kong,https://www.emnlp-ijcnlp2019.org/,09-07-2019,88
25-04-2020,http://www.guide2research.com/topconf/?p=13566,CHI : Computer Human Interaction (CHI),ACM,island of Oahu,United States,https://chi2020.acm.org/,07-12-2019,87
22-08-2020,http://www.guide2research.com/topconf/?p=14009,SIGKDD : ACM SIGKDD International Conference on Knowledge discovery and data mining,ACM,San Diego,United States,https://www.kdd.org/kdd2020/,07-04-2020,86
31-05-2020,http://www.guide2research.com/topconf/?p=14077,ICRA : IEEE International Conference on Robotics and Automation,IEEE,Paris,France,https://www.icra2020.org/,28-01-2020,82
11-11-2019,http://www.guide2research.com/topconf/?p=13604,CCS : ACM Symposium on Computer and Communications Security,ACM,London,United Kingdom,https://www.sigsac.org/ccs/CCS2019/,30-06-2019,82
12-08-2020,http://www.guide2research.com/topconf/?p=14006,USENIX Security : USENIX Security Symposium,USENIX,Boston,United States,https://www.usenix.org/conference/usenixsecurity20,21-03-2020,81
4-05-2020,http://www.guide2research.com/topconf/?p=13750,"ICASSP : IEEE International Conference on Acoustics, Speech and Signal Processing (ICASSP)",IEEE,Barcelona,Spain,https://2020.ieeeicassp.org/,31-12-2019,80
23-05-2020,http://www.guide2research.com/topconf/?p=13568,ICSE : International Conference on Software Engineering,ACM,Seoul,South Korea,https://conf.researchr.org/home/icse-2020,12-01-2020,75
31-08-2020,http://www.guide2research.com/topconf/?p=14036,VLDB : International Conference on Very Large Databases,ACM,Tokyo,Japan,https://vldb2020.org/,15-04-2020,74
27-04-2020,http://www.guide2research.com/topconf/?p=13993,INFOCOM : IEEE International Conference on Computer Communications (INFOCOM),IEEE,Beijing,China,https://infocom2020.ieee-infocom.org/,24-12-2019,74
18-05-2020,http://www.guide2research.com/topconf/?p=13335,SP : IEEE Symposium on Security and Privacy,IEEE,HYATT REGENCY,United States,http://www.ieee-security.org/TC/SP2020/,06-01-2020,72
19-08-2019,http://www.guide2research.com/topconf/?p=11883,SIGCOMM : ACM SIGCOMM Conference,ACM,Beijing,China,http://conferences.sigcomm.org/sigcomm/2019/,10-04-2019,72
20-04-2020,http://www.guide2research.com/topconf/?p=13374,WWW : International World Wide Web Conferences (WWW),ACM,Taipei,Taiwan,https://www2020.thewebconf.org/,27-11-2019,70
19-07-2020,http://www.guide2research.com/topconf/?p=13796,CEC : IEEE Congress on Evolutionary Computation,IEEE,Glasgow,United Kingdom,https://wcci2020.org/,29-02-2020,68
11-07-2020,http://www.guide2research.com/topconf/?p=13952,IJCAI : International Joint Conference on Artificial Intelligence (IJCAI),IJCAI,Yokohama,Japan,https://ijcai20.org,04-03-2020,67
14-06-2020,http://www.guide2research.com/topconf/?p=13416,SIGMOD : ACM SIGMOD International Conference on Management of Data,ACM,Portland,United States,https://sigmod2020.org/,29-01-2020,67
14-09-2020,http://www.guide2research.com/topconf/?p=14388,INTERSPEECH : Conference of the International Speech Communication Association (INTERSPEECH),ISCA,Shanghai,China,http://www.interspeech2020.org,12-05-2020,65
23-02-2020,http://www.guide2research.com/topconf/?p=13605,NDSS : Network and Distributed System Security Symposium (NDSS),IEEE,San Diego,United States,https://www.ndss-symposium.org/ndss2020/call-for-papers/,15-10-2019,65
22-06-2020,http://www.guide2research.com/topconf/?p=13606,STOC : ACM Symposium on Theory of Computing,ACM,Chicago,United States,http://acm-stoc.org/stoc2020/,07-02-2020,63
25-02-2020,http://www.guide2research.com/topconf/?p=12602,NSDI : Symposium on Networked Systems Design and Implementation,USENIX,Santa Clara,United States,https://www.usenix.org/conference/nsdi20/call-for-papers,10-10-2019,62
7-06-2020,http://www.guide2research.com/topconf/?p=13608,ICC : IEEE International Conference on Communications,IEEE,Dublin,Ireland,https://icc2020.ieee-icc.org/,08-01-2020,61
2-06-2019,http://www.guide2research.com/topconf/?p=11596,HLT-NAACL : Conference of the North American Chapter of the Association for Computational Linguistics: Human Language Technologies (HLT-NAACL),ACL,Minneapolis,United States,http://naacl2019.org/,27-01-2019,61
17-10-2020,http://www.guide2research.com/topconf/?p=14386,CSCW : ACM Conference on Computer-Supported Cooperative Work & Social Computing,ACM,Minneapolis,United States,http://cscw.acm.org/2020/,19-05-2020,60
3-11-2019,http://www.guide2research.com/topconf/?p=11657,IROS : IEEE/RSJ International Conference on Intelligent Robots and Systems,IEEE,Macao,China,http://www.iros2019.org/,28-06-2019,58
12-10-2020,http://www.guide2research.com/topconf/?p=14353,ACMMM : ACM International Conference on Multimedia,ACM,Seattle,United States,https://www.acmmm.org/2020/,29-05-2020,58
7-12-2020,http://www.guide2research.com/topconf/?p=13609,GLOBECOM : IEEE GLOBECOM,IEEE,Xinyi District,Taiwan,https://www.comsoc.org/conferences-events/ieee-global-communications-conference-2020,05-08-2020,57
16-02-2020,http://www.guide2research.com/topconf/?p=13569,ISSCC : IEEE International Solid-State Circuits Conference,IEEE,San Francisco,United States,http://isscc.org/,29-09-2019,57
12-09-2020,http://www.guide2research.com/topconf/?p=14383,UbiComp : ACM Conference on Pervasive and Ubiquitous Computing (UbiComp),ACM,CANCÚN,Mexico,http://ubicomp.org/ubicomp2020/,10-05-2020,57
30-05-2020,http://www.guide2research.com/topconf/?p=14066,ISCA : International Symposium on Computer Architecture (ISCA),ACM,Valencia,Spain,https://iscaconf.org/isca2020/,15-01-2020,56
9-08-2019,http://www.guide2research.com/topconf/?p=13375,ASPLOS : International Conference on Architectural Support for Programming Languages and Operating Systems,ACM,Lausanne,Switzerland,https://asplos-conference.org/calls/,29-03-2019,56
10-05-2020,http://www.guide2research.com/topconf/?p=13607,EUROCRYPT : International Conference on Theory and Applications of Cryptographic Techniques (EUROCRYPT),Springer,Zagreb,Croatia,https://eurocrypt.iacr.org/2020/,20-12-2019,56
26-07-2020,http://www.guide2research.com/topconf/?p=14161,SIGIR : ACM SIGIR Conference on Research and development in information retrieval,ACM,XI\'AN,China,https://sigir.org/sigir2020/,23-03-2020,55
21-06-2020,http://www.guide2research.com/topconf/?p=14069,ISIT : IEEE International Symposium on Information Theory,IEEE,Los Angeles,United States,https://2020.ieee-isit.org/,18-02-2020,53
22-02-2020,http://www.guide2research.com/topconf/?p=13445,HPCA : IEEE International Symposium on High Performance Computer Architecture,IEEE,San Diego,United States,https://www.hpca-conf.org/2020/?page_id=47,10-10-2019,53
19-08-2018,http://www.guide2research.com/topconf/?p=9726,CRYPTO : International Cryptology Conference (CRYPTO),Springer,Santa Barbara,United States,https://crypto.iacr.org/2018/,17-04-2018,53
3-06-2020,http://www.guide2research.com/topconf/?p=13816,AISTATS : International Conference on Artificial Intelligence and Statistics,PMLR,Palermo,Italy,https://www.aistats.org/,17-01-2020,52
15-06-2020,http://www.guide2research.com/topconf/?p=13581,PLDI : ACM SIGPLAN Conference on Programming Language Design and Implementation (PLDI),ACM,London,United Kingdom,https://pldi20.sigplan.org/home,12-02-2020,51
5-02-2020,http://www.guide2research.com/topconf/?p=13194,WSDM : ACM International Conference on Web Search and Data Mining,ACM,Houston,United States,http://www.wsdm-conference.org/2020/,16-09-2019,51
8-11-2020,http://www.guide2research.com/topconf/?p=13610,FSE : ACM SIGSOFT International Symposium on Foundations of Software Engineering,ACM,Sacramento,United States,https://www.cs.ucdavis.edu/fse2020/,02-07-2020,51
9-11-2019,http://www.guide2research.com/topconf/?p=13601,FOCS : IEEE Symposium on Foundations of Computer Science,IEEE,Baltimore,United States,http://focs2019.cs.jhu.edu/,24-06-2019,51
19-01-2020,http://www.guide2research.com/topconf/?p=12339,POPL : ACM SIGPLAN-SIGACT Symposium on Principles of Programming Languages (POPL),ACM,New Orleans,United States,https://popl20.sigplan.org,12-09-2019,51
21-09-2020,http://www.guide2research.com/topconf/?p=14337,MobiCom : Annual International Conference on Mobile Computing and Networking,ACM,London,United Kingdom,https://sigmobile.org/mobicom/2020/,23-04-2020,50
13-09-2020,http://www.guide2research.com/topconf/?p=14314,SemEval : International Workshop on Semantic Evaluation,ACM,Barcelona,Spain,http://alt.qcri.org/semeval2020/,17-04-2020,49
4-11-2020,http://www.guide2research.com/topconf/?p=14010,OSDI : Symposium on Operating Systems Design and Implementation (OSDI),USENIX,BANFF,Canada,https://www.usenix.org/conference/osdi20,12-06-2020,49
9-07-2020,http://www.guide2research.com/topconf/?p=14385,COLT : Conference on Learning Theory (COLT),PMLR,Graz,Austria,http://learningtheory.org/colt2020/,25-02-2020,48
3-11-2019,http://www.guide2research.com/topconf/?p=12347,CIKM : ACM International Conference on Information and Knowledge Management,ACM,Beijing,China,http://www.cikm2019.net/,18-06-2019,48
19-07-2020,http://www.guide2research.com/topconf/?p=14156,DAC : Design Automation Conference (DAC),ACM,San Francisco,United States,https://www.dac.com/,26-02-2020,48
12-07-2020,http://www.guide2research.com/topconf/?p=14222,RSS : Robotics: Science and Systems,Springer,Oregon State University at Corvallis,United States,https://roboticsconference.org,13-02-2020,47
9-09-2019,http://www.guide2research.com/topconf/?p=12014,BMVC : British Machine Vision Conference,Springer,Cardiff,United Kingdom,https://bmvc2019.org/,17-04-2019,46
20-10-2019,http://www.guide2research.com/topconf/?p=13603,UIST : ACM Symposium on User Interface Software and Technology,ACM,New Orleans,United States,http://uist.acm.org/uist2019/,23-05-2019,46
5-01-2020,http://www.guide2research.com/topconf/?p=13562,SODA : ACM SIAM Symposium on Discrete Algorithms,ACM,Salt Lake City,United States,https://www.siam.org/Conferences/CM/Conference/soda20,09-08-2019,46
2-03-2020,http://www.guide2research.com/topconf/?p=12299,WACV : Workshop on Applications of Computer Vision,IEEE,Snowmass Village,United States,http://wacv20.wacv.net/,01-11-2019,46
4-10-2020,http://www.guide2research.com/topconf/?p=14341,MICCAI : Medical Image Computing and Computer Assisted Intervention,Springer,Lima,Peru,https://miccai2020.org/en/,14-05-2020,46
25-10-2020,http://www.guide2research.com/topconf/?p=14249,ICIP : IEEE International Conference on Image Processing,IEEE,Abu Dhabi,United Arab Emirates,https://2020.ieeeicip.org/,20-06-2020,45
22-09-2020,http://www.guide2research.com/topconf/?p=14354,RecSys : ACM Conference on Recommender Systems,ACM,Rio de Janeiro,Brazil,https://recsys.acm.org/recsys20/,02-05-2020,45
13-05-2020,http://www.guide2research.com/topconf/?p=12493,LREC : International Conference on Language Resources and Evaluation (LREC),ELRA,Marseille,France,https://lrec2020.lrec-conf.org/,27-12-2019,45
8-11-2019,http://www.guide2research.com/topconf/?p=13891,ICDMW : IEEE International Conference on Data Mining Workshop,IEEE,Beijing,China,http://icdm2019.bigke.org/,20-06-2019,44
12-10-2019,http://www.guide2research.com/topconf/?p=12334,MICRO : IEEE/ACM International Symposium on Microarchitecture,IEEE,Columbus,United States,https://www.microarch.org/micro52/,09-06-2019,44
15-07-2020,http://www.guide2research.com/topconf/?p=13751,ACT : USENIX Annual Technical Conference,USENIX,Boston,United States,https://www.usenix.org/conference/atc20,25-02-2020,44
25-05-2020,http://www.guide2research.com/topconf/?p=13615,VTC : IEEE Vehicular Technology Conference,IEEE,Antwerp,Belgium,https://events.vtsociety.org/vtc2020-spring/#,23-01-2020,44
15-06-2020,http://www.guide2research.com/topconf/?p=14320,"Mobisys : Annual International Conference on Mobile Systems, Applications, and Services",ACM,Toronto,Canada,https://www.sigmobile.org/mobisys/2020/,29-01-2020,44
11-11-2018,http://www.guide2research.com/topconf/?p=10125,"SC : International Conference for High Performance Computing, Networking, Storage and Analysis",IEEE,DALLAS,United States,http://sc18.supercomputing.org/,07-07-2018,43
17-02-2020,http://www.guide2research.com/topconf/?p=13899,FC : International Conference on Financial Cryptography and Data Security,Springer,Kota Kinabalu,Malaysia,https://fc20.ifca.ai/,09-10-2019,43
9-03-2020,http://www.guide2research.com/topconf/?p=13614,"DATE : Design, Automation and Test in Europe Conference and Exhibition",IEEE,Grenoble,France,https://www.date-conference.com/call-for-papers,17-10-2019,43
8-12-2020,http://www.guide2research.com/topconf/?p=13611,CDC : IEEE Conference on Decision and Control,IEEE,Jeju Island,South Korea,http://cdc2020.ieeecss.org/,19-07-2020,42
18-05-2020,http://www.guide2research.com/topconf/?p=13448,IPDPS : IEEE International Symposium on Parallel & Distributed Processing,IEEE,New Orleans,United States,http://www.ipdps.org,30-12-2019,41
24-02-2020,http://www.guide2research.com/topconf/?p=13336,FAST : Conference on File and Storage Technologies (FAST),USENIX,SANTA CLARA,United States,https://www.usenix.org/conference/fast20,01-10-2019,41
15-09-2020,http://www.guide2research.com/topconf/?p=13622,COLING : International Conference on Computational Linguistics,ICCL,Barcelona,Spain,http://coling2020.org/,25-04-2020,41
1-07-2020,http://www.guide2research.com/topconf/?p=13612,ACC : American Control Conference,IEEE,Denver,United States,http://acc2020.a2c2.org/,06-02-2020,41
11-11-2019,http://www.guide2research.com/topconf/?p=12366,ASE : IEEE/ACM International Conference on Automated Software Engineering,IEEE,San Diego,United States,https://2019.ase-conferences.org/track/ase-2019-papers,06-07-2019,40
23-03-2020,http://www.guide2research.com/topconf/?p=13620,HRI : ACM/IEEE International Conference on Human Robot Interaction,ACM,Cambridge,United Kingdom,http://humanrobotinteraction.org/2020/,17-11-2019,40
13-07-2020,http://www.guide2research.com/topconf/?p=14067,EC : ACM Conference on Electronic Commerce,ACM,Budapest,Romania,http://ec20.sigecom.org/,21-02-2020,40
8-12-2019,http://www.guide2research.com/topconf/?p=13618,ASIACRYPT : International Conference on The Theory and Application of Cryptology and Information Security (ASIACRYPT),Springer,Kobe,Japan,https://asiacrypt.iacr.org/2019/,23-07-2019,40
7-01-2020,http://www.guide2research.com/topconf/?p=13616,HICSS : Hawaii International Conference on System Sciences,AIS,Hawaii,United States,https://hicss.hawaii.edu/,05-09-2019,40
25-04-2020,http://www.guide2research.com/topconf/?p=13617,TACAS : International Conference on Tools and Algorithms for the Construction and Analysis of Systems (TACAS),Springer,Dublin,Ireland,https://www.etaps.org/2020/tacas,07-12-2019,39
13-09-2020,http://www.guide2research.com/topconf/?p=13623,ICPR : International Conference on Pattern Recognition,IEEE,Milan,Italy,https://www.icpr2020.it/,27-04-2020,38
30-11-2020,http://www.guide2research.com/topconf/?p=13619,ACCV : Asian Conference on Computer Vision (ACCV),Springer,Kyoto,Japan,http://accv2020.kyoto/,05-07-2020,38
27-04-2020,http://www.guide2research.com/topconf/?p=13613,EuroSys : ACM European Conference on Computer Systems,ACM,Crete,Greece,https://www.eurosys2020.org/?page_id=75,27-11-2019,38
19-07-2020,http://www.guide2research.com/topconf/?p=13994,CAV : International Conference on Computer Aided Verification,Springer,Los Angeles,United States,http://i-cav.org/2020/,12-03-2020,38
25-05-2020,http://www.guide2research.com/topconf/?p=13752,MSR : Mining Software Repositories,IEEE,Seoul,South Korea,https://2020.msrconf.org/home,30-12-2019,38
2-11-2020,http://www.guide2research.com/topconf/?p=13929,ISWC : International Conference on The Semantic Web,Springer,Athens,Greece,http://swsa.semanticweb.org/content/international-semantic-web-conference-iswc,18-06-2020,37
1-12-2019,http://www.guide2research.com/topconf/?p=13953,TCC : Theory of Cryptography,IACR,Nuremberg,Germany,https://tcc.iacr.org/2019/,30-07-2019,37
7-05-2020,http://www.guide2research.com/topconf/?p=13621,SDM : SIAM International Conference on Data Mining (SDM),SIAM,Cincinnati,United States,https://www.siam.org/Conferences/CM/Conference/sdm20,11-12-2019,36
7-07-2020,http://www.guide2research.com/topconf/?p=14011,"ICDCS : International Conference on Distributed Computing Systems, ICDCS",IEEE,Singapore,Singapore,http://icdcs2020.sg/,04-03-2020,36
14-09-2020,http://www.guide2research.com/topconf/?p=13766,CHES : Workshop on Cryptographic Hardware and Embedded Systems (CHES),Springer,Beijing,China,https://ches.iacr.org/2020/,16-04-2020,36
21-10-2019,http://www.guide2research.com/topconf/?p=13771,IMC : Internet Measurement Conference,ACM,Amsterdam,Netherlands,https://conferences.sigcomm.org/imc/2019/,16-06-2019,36
3-04-2017,http://www.guide2research.com/topconf/?p=5226,EACL : Conference of the European Chapter of the Association for Computational Linguistics,ACM,Valencia,Spain,http://eacl2017.org/,03-11-2016,36
23-03-2020,http://www.guide2research.com/topconf/?p=13625,LAK : International Conference on Learning Analytics And Knowledge,ACM,Frankfurt,Germany,https://lak20.solaresearch.org/,26-10-2019,36
19-07-2020,http://www.guide2research.com/topconf/?p=13928,IJCNN : International Joint Conference on Neural Networks,IEEE,Glasgow,United Kingdom,https://wcci2020.org/,27-02-2020,36
18-07-2020,http://www.guide2research.com/topconf/?p=14263,ISSTA : International Symposium on Software Testing and Analysis,ACM,Los Angeles,United States,https://conf.researchr.org/home/issta-2020,07-03-2020,35
20-10-2019,http://www.guide2research.com/topconf/?p=12338,"OOPSLA : ACM SIGPLAN International Conference on Object-Oriented Programming, Systems, Languages, and Applications",ACM,Athens,Greece,https://2019.splashcon.org/track/splash-2019-oopsla,15-06-2019,34
21-11-2019,http://www.guide2research.com/topconf/?p=12311,SoCC : ACM Symposium on Cloud Computing,ACM,Chaminade,United States,https://acmsocc.github.io/2019/,06-07-2019,34
3-11-2019,http://www.guide2research.com/topconf/?p=13682,CoNLL : Conference on Computational Natural Language Learning (CoNLL),ACL,Hong Kong,Hong Kong,https://www.conll.org/2019,08-06-2019,34
10-11-2019,http://www.guide2research.com/topconf/?p=12618,SENSYS : ACM Conference on Embedded Networked Sensor Systems,ACM,New York City,United States,http://sensys.acm.org/2019/,08-07-2019,34
26-06-2019,http://www.guide2research.com/topconf/?p=11646,AIME : Artificial Intelligence in Medicine,Springer,Poznan,Poland,http://aime19.aimedicine.info/,20-02-2019,34
15-10-2019,http://www.guide2research.com/topconf/?p=13645,Humanoids : IEEE-RAS International Conference on Humanoid Robots,IEEE,Toronto,Canada,http://humanoids2019.loria.fr/,09-06-2019,33
6-08-2018,http://www.guide2research.com/topconf/?p=10168,UAI : Conference on Uncertainty in Artificial Intelligence (UAI),auai,Monterey,United States,http://auai.org/uai2018/index.php,18-03-2018,33
9-12-2019,http://www.guide2research.com/topconf/?p=13661,Big Data : IEEE International Conference on Big Data,IEEE,Los Angeles,United States,http://bigdataieee.org/BigData2019/,28-07-2019,33
6-07-2020,http://www.guide2research.com/topconf/?p=14367,DIS : Conference on Designing Interactive Systems,ACM,Eindhoven,Netherlands,https://dis.acm.org/2020/,21-02-2020,33
11-10-2020,http://www.guide2research.com/topconf/?p=14366,ICMI : International Conference on Multimodal Interfaces (ICMI),ACM,Utrecht,Netherlands,http://icmi.acm.org/2020/,29-05-2020,33
8-06-2020,http://www.guide2research.com/topconf/?p=13767,ICMR : ACM International Conference on Multimedia Retrieval,ACM,Dublin,Ireland,http://www.icmr2020.org/,07-02-2020,33
28-09-2020,http://www.guide2research.com/topconf/?p=14339,ICSME : IEEE International Conference on Software Maintenance and Evolution,IEEE,Adelaide,Australia,https://icsme2020.github.io/,01-05-2020,33
4-12-2018,http://www.guide2research.com/topconf/?p=10698,CoNEXT : ACM Conference on Emerging Network Experiment and Technology,ACM,Crete,Greece,https://conferences2.sigcomm.org/co-next/2018,01-08-2018,33
1-01-1970,http://www.guide2research.com/topconf/?p=13888,DSN : IEEE/IFIP International Conference on Dependable Systems and Networks,IEEE,Valencia,Spain,https://dsn2020.webs.upv.es/,16-08-1969,33
23-09-2019,http://www.guide2research.com/topconf/?p=12197,ESORICS : European Conference on Research in Computer Security,ACM,Luxembourg,Luxembourg,https://esorics2019.uni.lu,02-05-2019,32
8-07-2020,http://www.guide2research.com/topconf/?p=14329,"ICALP : International Colloquium on Automata, Languages and Programming",Springer,Beijing,China,http://econcs.pku.edu.cn/icalp2020/,21-02-2020,32
4-11-2019,http://www.guide2research.com/topconf/?p=13634,ISMIR : International Society for Music Information Retrieval Conference,ISMIR,Delft,Netherlands,https://ismir2019.ewi.tudelft.nl/,30-06-2019,32
8-06-2020,http://www.guide2research.com/topconf/?p=13923,MMSys : ACM Multimedia Systems Conference,ACM,Istanbul,Turkey,https://2020.acmmmsys.org/,13-01-2020,31
22-02-2020,http://www.guide2research.com/topconf/?p=13447,PPOPP : ACM SIGPLAN Symposium on Principles & Practice of Parallel Programming (PPOPP),ACM,San Diego,United States,https://ppopp20.sigplan.org,29-09-2019,31
18-05-2020,http://www.guide2research.com/topconf/?p=13900,FG : IEEE International Conference on Automatic Face & Gesture Recognition,IEEE,Buenos Aires,Argentina,https://fg2020.org/,05-01-2020,31
2-09-2018,http://www.guide2research.com/topconf/?p=10166,"Allerton : Allerton Conference on Communication, Control, and Computing",IEEE,Monticello,United States,http://allerton.csl.illinois.edu/,18-04-2018,31
14-09-2020,http://www.guide2research.com/topconf/?p=14338,ECMLPKDD : European Conference on Machine learning and knowledge discovery in databases,Springer,Ghent,Belgium,https://ecmlpkdd2020.net/,26-04-2020,30
4-05-2020,http://www.guide2research.com/topconf/?p=13631,PKC : International Conference on Practice and Theory in Public Key Cryptography,Springer,Edinburgh,United Kingdom,https://pkc.iacr.org/2020/,20-12-2019,30
9-12-2019,http://www.guide2research.com/topconf/?p=12911,ACSAC : Computer Security Applications Conference,IEEE,San Juan,Puerto Rico,https://www.acsac.org/,01-08-2019,30
17-05-2020,http://www.guide2research.com/topconf/?p=13636,ISCAS : IEEE International Symposium on Circuits and Systems,IEEE,Seville,Spain,https://www.iscas2020.org/,20-12-2019,30
14-06-2020,http://www.guide2research.com/topconf/?p=14012,VLSIC : IEEE Symposium on VLSI Circuits (VLSIC),IEEE,Honolulu,United States,https://vlsisymposium.org/,04-02-2020,30
15-06-2020,http://www.guide2research.com/topconf/?p=13658,ECIS : European Conference on Information Systems,AIS,Marrakech,Morocco,https://aisnet.org/page/ECISPage,11-02-2020,30
16-02-2020,http://www.guide2research.com/topconf/?p=13735,"SANER : International Conference on Software Analysis, Evolution, and Reengineering",IEEE,London ON,Canada,https://saner2020.csd.uwo.ca/,29-09-2019,30
12-01-2020,http://www.guide2research.com/topconf/?p=13695,ITCS : Conference on Innovations in Theoretical Computer Science,LIPIcs,Seattle,United States,http://itcs-conf.org/itcs20/itcs20-cfp.html,07-09-2019,30
6-07-2020,http://www.guide2research.com/topconf/?p=14157,CLOUD : IEEE International Conference on Cloud Computing (CLOUD),IEEE,Beijing,China,https://conferences.computer.org/cloud/2020,02-03-2020,29
24-02-2020,http://www.guide2research.com/topconf/?p=13665,FPGA : Symposium on Field Programmable Gate Arrays,ACM,Seaside,United States,http://isfpga.org/,11-10-2019,29
22-04-2019,http://www.guide2research.com/topconf/?p=11709,Radarcon : IEEE Radar Conference,IEEE,Boston,United States,http://www.radarconf19.org/,06-12-2018,29
15-12-2019,http://www.guide2research.com/topconf/?p=13635,ICIS : International Conference on Information Systems,AIS,Munich,Germany,https://icis2019.aisconferences.org/,01-08-2019,29
21-04-2020,http://www.guide2research.com/topconf/?p=13995,IPSN : International Symposium on Information Processing in Sensor Networks,ACM,Sydney,Australia,http://spaceiot.ewi.tudelft.nl/2020/,18-12-2019,29
30-06-2020,http://www.guide2research.com/topconf/?p=14076,MOBIHOC : ACM International Symposium on Mobile Ad Hoc Networking and Computing,ACM,Shanghai,China,https://www.sigmobile.org/mobihoc/2020/,05-02-2020,29
20-04-2020,http://www.guide2research.com/topconf/?p=13775,NOMS : IEEE/IFIP Network Operations and Management Symposium,IEEE,Budapest,Romania,https://noms2020.ieee-noms.org/,17-12-2019,29
11-02-2018,http://www.guide2research.com/topconf/?p=10252,ITA : Information Theory and Applications Workshop,IEEE,California,United States,http://ita.ucsd.edu/workshop/18/?year=18,03-10-2017,28
5-10-2020,http://www.guide2research.com/topconf/?p=14327,MobileHCI : Mobile HCI,ACM,Oldenburg,Germany,https://mobilehci.acm.org/2020/,30-05-2020,28
31-05-2020,http://www.guide2research.com/topconf/?p=13772,ESWC : Extended Semantic Web Conference,Springer,Heraklion,Greece,http://2020.eswc-conferences.org/,10-01-2020,28
11-05-2020,http://www.guide2research.com/topconf/?p=13456,CCGrid : IEEE International Symposium on Cluster Computing and the Grid,IEEE,Melbourne,Australia,http://cloudbus.org/ccgrid2020/,14-12-2019,28
4-11-2019,http://www.guide2research.com/topconf/?p=13640,ICCAD : IEEE/ACM International Conference on Computer-Aided Design,IEEE,Westminster,United States,https://iccad.com/,22-06-2019,28
13-01-2020,http://www.guide2research.com/topconf/?p=13642,ASP-DAC : Asia and South Pacific Design Automation Conference,IEEE,Beijing,China,https://aspdac2020.github.io/aspdac20/,10-09-2019,28
19-07-2020,http://www.guide2research.com/topconf/?p=13942,IGARSS : IEEE International Geoscience and Remote Sensing Symposium,IEEE,Waikoloa,United States,https://igarss2020.org/,20-02-2020,28
15-06-2020,http://www.guide2research.com/topconf/?p=13788,ICAPS : International Conference on Automated Planning and Scheduling,AAAI,Nancy,France,https://icaps20.icaps-conference.org/,24-01-2020,28
23-06-2020,http://www.guide2research.com/topconf/?p=14326,HPDC : ACM International Symposium on High Performance Distributed Computing,ACM,Stockholm,Sweden,http://www.hpdc.org/2020,26-01-2020,28
23-03-2020,http://www.guide2research.com/topconf/?p=13505,PERCOM : IEEE International Conference on Pervasive Computing and Communications,IEEE,Austin,United States,http://www.percom.org/call-for-papers,02-11-2019,28
3-08-2020,http://www.guide2research.com/topconf/?p=14081,PODC : ACM Symposium on Principles of Distributed Computing,ACM,Salerno,Italy,https://www.podc.org/,17-03-2020,28
30-03-2020,http://www.guide2research.com/topconf/?p=14075,SAC : ACM Symposium on Applied Computing,ACM,Brno,Czech Republic,https://www.sigapp.org/sac/sac2020/,19-11-2019,28
24-08-2020,http://www.guide2research.com/topconf/?p=14082,EUSIPCO : European Signal Processing Conference,IEEE,Amsterdam,Netherlands,https://eusipco2020.org/,19-04-2020,28
4-11-2019,http://www.guide2research.com/topconf/?p=13640,ICCAD : IEEE/ACM International Conference on Computer-Aided Design (ICCAD),ACM,Westminster,United States,https://iccad.com/,01-07-2019,28
15-04-2020,http://www.guide2research.com/topconf/?p=13774,AINA : International Conference on Advanced Information Networking and Applications,IEEE,Caserta,Italy,http://voyager.ce.fit.ac.jp/conf/aina/2020/,24-11-2019,28
10-07-2020,http://www.guide2research.com/topconf/?p=14332,EDM : International Conference on Educational Data Mining,DBLP,Ifrane,Morocco,http://educationaldatamining.org/edm2020/call-for-papers/,27-02-2020,28
9-08-2020,http://www.guide2research.com/topconf/?p=14083,SOUPS : Symposium On Usable Privacy and Security,USENIX,BOSTON,United States,https://www.usenix.org/conference/soups2020,21-03-2020,28
24-08-2020,http://www.guide2research.com/topconf/?p=14049,ICFP : International Conference on Functional Programming,ACM,Jersey City,United States,https://icfp20.sigplan.org/,01-04-2020,27
26-05-2020,http://www.guide2research.com/topconf/?p=14313,SPAWC  : IEEE Workshop on Signal Processing Advances in Wireless Communications,IEEE,ATLANTA,United States,https://spawc2020.netlify.com,25-01-2020,27
17-03-2020,http://www.guide2research.com/topconf/?p=13376,IUI : International Conference on Intelligent User Interfaces,ACM,Cagliari,Italy,https://iui.acm.org/2020/,03-11-2019,27
30-03-2020,http://www.guide2research.com/topconf/?p=13624,EDBT : International Conference on Extending Database Technology,ACM,Copenhagen,Denmark,https://diku-dk.github.io/edbticdt2020/,12-11-2019,27
23-03-2020,http://www.guide2research.com/topconf/?p=13424,"ICST : IEEE International Conference on Software Testing, Verification and Validation (ICST)",IEEE,Porto,Portugal,https://icst2020.github.io/,09-11-2019,27
5-11-2019,http://www.guide2research.com/topconf/?p=12627,SIGSPATIAL  : ACM SIGSPATIAL International Conference on Advances in Geographic Information Systems,ACM,Chicago,United States,http://sigspatial2019.sigspatial.org,29-06-2019,27
23-09-2019,http://www.guide2research.com/topconf/?p=12210,PACT : International Conference on Parallel Architectures and Compilation Techniques,ACM,Seattle,United States,http://hpc.pnl.gov/pact19/,06-05-2019,27
16-03-2020,http://www.guide2research.com/topconf/?p=13748,CODASPY : ACM Conference on Data and application security and privacy,ACM,New Orleans,United States,http://www.codaspy.org/2020/,04-11-2019,27
22-09-2019,http://www.guide2research.com/topconf/?p=10188,ICDAR : International Conference on Document Analysis and Recognition,IEEE,Sydney,Australia,http://www.icdar2019.org/,21-05-2019,26
6-07-2020,http://www.guide2research.com/topconf/?p=13804,ICME : IEEE International Conference on Multimedia and Expo,IEEE,London,United Kingdom,http://www.2020.ieeeicme.org/,22-02-2020,26
18-03-2020,http://www.guide2research.com/topconf/?p=13805,CISS : Conference on Information Sciences and Systems,IEEE,Princeton University,United States,https://ee-ciss.princeton.edu/,14-11-2019,26
8-07-2020,http://www.guide2research.com/topconf/?p=13806,GECCO : Conference on Genetic and Evolutionary Computation,ACM,Cancun,Mexico,https://gecco-2020.sigevo.org/index.html/HomePage,14-02-2020,26
22-06-2020,http://www.guide2research.com/topconf/?p=14064,CSF : IEEE Computer Security Foundations Symposium,IEEE,Boston,United States,https://www.ieee-security.org/TC/CSF2020/,11-02-2020,26
18-12-2018,http://www.guide2research.com/topconf/?p=10304,SLT : IEEE Spoken Language Technology Workshop,IEEE,Athens,Greece,http://www.slt2018.org/,28-07-2018,26
8-06-2020,http://www.guide2research.com/topconf/?p=12914,ECAI : European Conference on Artificial Intelligence (ECAI),IOS,Santiago de Compostela,Spain,http://www.ecai2020.eu,30-01-2020,26
11-09-2019,http://www.guide2research.com/topconf/?p=13668,SIGDIAL : Annual Meeting of the Special Interest Group on Discourse and Dialogue (SIGDIAL),ACL,Stockholm,Sweden,https://www.sigdial.org/files/workshops/conference20/,27-04-2019,26
15-06-2020,http://www.guide2research.com/topconf/?p=13780,EuCNC : European Conference on Networks and Communications,IEEE,Dubrovnik,Croatia,https://www.eucnc.eu/announcement-eucnc-2020/,05-02-2020,26
22-02-2020,http://www.guide2research.com/topconf/?p=13402,CGO : International Symposium on Code Generation and Optimization,IEEE,San Diego,United States,https://cgo.org,04-10-2019,26
29-06-2020,http://www.guide2research.com/topconf/?p=13946,ICS : 	International Conference on Supercomputing,ACM,Barcelona,Spain,https://www.ics-conference.org/,16-02-2020,26
7-07-2020,http://www.guide2research.com/topconf/?p=14085,ECRTS : Euromicro Conference on Real-Time Systems,LIPIcs,Modena,Italy,https://www.ecrts.org/call-for-papers/,17-02-2020,26
25-04-2020,http://www.guide2research.com/topconf/?p=13659,ESOP : European Symposium on Programming,Springer,Dublin,Ireland,https://www.etaps.org/2020/esop,21-12-2019,26
14-04-2020,http://www.guide2research.com/topconf/?p=13180,ECIR : European Conference on Information Retrieval,Springer,Lisbon,Portugal,http://www.ecir2020.org/,15-11-2019,26
20-04-2020,http://www.guide2research.com/topconf/?p=12932,IM : IFIP/IEEE International Symposium on Integrated Network Management,IEEE,Budapest,Hungary,https://noms2020.ieee-noms.org/authors/call-technical-session-papers,24-11-2019,26
10-01-2020,http://www.guide2research.com/topconf/?p=13666,CCNC : IEEE Consumer Communications and Networking Conference,IEEE,Las Vegas,United States,https://ccnc2020.ieee-ccnc.org/,18-08-2019,26
6-06-2020,http://www.guide2research.com/topconf/?p=14065,FUSION : International Conference on Information Fusion,IEEE,Sun City,South Africa,https://fusion2020.org/,02-02-2020,26
9-02-2020,http://www.guide2research.com/topconf/?p=12997,"TEI : International Conference on Tangible, embedded, and embodied interaction",ACM,Sydney,Australia,https://tei.acm.org/2020,11-09-2019,25
14-08-2018,http://www.guide2research.com/topconf/?p=6814,CIG : IEEE Conference on Computational Intelligence and Games,IEEE,Maastricht,Netherlands,http://www.maastrichtuniversity.nl/cig2018,29-03-2018,25
14-06-2020,http://www.guide2research.com/topconf/?p=13126,PODS : ACM SIGMOD-SIGACT-SIGART Symposium on Principles of Database Systems,ACM,Portland,United States,http://sigmod2020.org/,22-01-2020,25
3-11-2018,http://www.guide2research.com/topconf/?p=10305,AMIA : AMIA Symposium,AMIA,San Francisco,United States,https://www.amia.org/amia2018,25-06-2018,25
9-05-2020,http://www.guide2research.com/topconf/?p=13889,AAMAS : Autonomous Agents and Multi-Agent Systems,ACM,Auckland,New Zealand,https://aamas2020.conference.auckland.ac.nz/,19-12-2019,25
12-09-2020,http://www.guide2research.com/topconf/?p=14315,KR : Principles of Knowledge Representation and Reasoning,AAAI,Rhodes,Greece,https://kr2020.inf.unibz.it,18-04-2020,25
13-11-2019,http://www.guide2research.com/topconf/?p=13361,HOTNETS : ACM Workshop on Hot Topics in Networks,ACM,Princeton,United States,https://conferences.sigcomm.org/hotnets/2019/cfp.html,22-06-2019,25
21-04-2020,http://www.guide2research.com/topconf/?p=13664,RTAS : IEEE Real-Time and Embedded Technology and Applications Symposium,IEEE,Sydney,United States,http://2020.rtas.org/,14-12-2019,25
12-01-2020,http://www.guide2research.com/topconf/?p=13669,CIDR : Conference on Innovative Data Systems Research,ACM,Amsterdam,Netherlands,http://cidrdb.org/cidr2020/,05-09-2019,25
31-08-2020,http://www.guide2research.com/topconf/?p=14342,RE : IEEE International Requirements Engineering Conference,IEEE,Zurich,Switzerland,https://re20.org/,18-04-2020,25
15-06-2020,http://www.guide2research.com/topconf/?p=14197,"WoWMoM : IEEE International Symposium on a World of Wireless, Mobile and Multimedia Networks",IEEE,Cork,Ireland,http://www.cs.ucc.ie/wowmom2020/,07-02-2020,25
28-10-2019,http://www.guide2research.com/topconf/?p=13679,ISSRE : International Symposium on Software Reliability Engineering,IEEE,Berlin,Germany,http://2019.issre.net/,20-06-2019,25
3-11-2019,http://www.guide2research.com/topconf/?p=13644,"ACSSC : Asilomar Conference on Signals, Systems and Computers",IEEE,Pacific Grove,United States,https://www.asilomarsscconf.org/,09-06-2019,25
7-06-2020,http://www.guide2research.com/topconf/?p=13773,GDN : Group Decision and Negotiation,Springer,Toronto,Canada,http://gdnconference.org/gdn2020/,21-01-2020,25
14-07-2020,http://www.guide2research.com/topconf/?p=13947,"UMAP : International Conference on User Modelling, Adaptation, and Personalization",ACM,Genoa,Italy,https://www.um.org/umap2020/,09-03-2020,25
11-12-2019,http://www.guide2research.com/topconf/?p=13458,CloudCom : IEEE International Conference on Cloud Computing Technology and Science (CloudCom),IEEE,Sydney,Australia,http://2019.cloudcom.org/,17-07-2019,24
11-10-2020,http://www.guide2research.com/topconf/?p=13667,"SMC : IEEE International Conference on Systems, Man and Cybernetics",IEEE,Toronto,Canada,http://smc2020.org/,06-06-2020,24
8-07-2020,http://www.guide2research.com/topconf/?p=13662,LICS : IEEE Symposium on Logic in Computer Science,IEEE,Beijing,China,https://lics.siglog.org/lics20/,04-03-2020,24
9-09-2019,http://www.guide2research.com/topconf/?p=12912,ESA : European Symposium on Algorithms,LIPIcs,Munich,Germany,https://algo2019.ak.in.tum.de/,22-04-2019,24
3-05-2020,http://www.guide2research.com/topconf/?p=13678,FCCM : IEEE Symposium on Field-Programmable Custom Computing Machines,IEEE,Fayetteville,United States,https://www.fccm.org/,06-12-2019,24
5-08-2019,http://www.guide2research.com/topconf/?p=11988,"TrustCom : IEEE International Conference on Trust, Security and Privacy in Computing and Communications",IEEE,Rotorua,New Zealand,https://crow.org.nz/Trustcom2019,20-03-2019,24
17-12-2019,http://www.guide2research.com/topconf/?p=12278,HiPC : International Conference on High Performance Computing,IEEE,Hyderabad,India,https://hipc.org/call-for-papers/,18-07-2019,24
27-09-2020,http://www.guide2research.com/topconf/?p=13632,ICB : IAPR International Conference on Biometrics (ICB),IEEE,Houston,United States,https://ieee-biometrics.org/ijcb2020/,29-04-2020,23
11-05-2020,http://www.guide2research.com/topconf/?p=13676,PAKDD : Pacific-Asia Conference on Knowledge Discovery and Data Mining (PAKDD),Springer,Singapore,Singapore,https://www.pakdd2020.org/,16-12-2019,23
10-05-2020,http://www.guide2research.com/topconf/?p=13996,RECOMB : International Conference on Research in Computational Molecular Biology,Springer,Padova,Italy,https://www.recomb2020.org/,21-12-2019,23
14-10-2019,http://www.guide2research.com/topconf/?p=12491,ISMAR : IEEE International Symposium on Mixed and Augmented Reality,IEEE,Beijing (China),China,http://www.ismar19.org/,29-05-2019,23
9-12-2019,http://www.guide2research.com/topconf/?p=12372,Middleware : International Middleware Conference,USENIX,UC Davis,United States,http://2019.middleware-conference.org/,05-08-2019,23
22-03-2020,http://www.guide2research.com/topconf/?p=13689,VR : IEEE Virtual Reality Conference,IEEE,Atlanta,United States,http://ieeevr.org/2020/,04-11-2019,23
8-06-2020,http://www.guide2research.com/topconf/?p=13776,CaiSE : International Conference on Advanced Information Systems Engineering,Springer,Grenoble,France,http://caise20.imag.fr/,25-01-2020,23
3-08-2020,http://www.guide2research.com/topconf/?p=14051,IC3N : International Conference on Computer Communications and Networks,IEEE,Honolulu,United States,http://www.icccn.org/,07-03-2020,23
20-06-2020,http://www.guide2research.com/topconf/?p=13704,PACIS : Pacific Asia Conference on Information Systems,AIS,Dubai,United Arab Emirates,https://www.pacis2020.org/,30-01-2020,23
11-06-2018,http://www.guide2research.com/topconf/?p=10317,"SECON : IEEE Communications Society Conference on Sensor, Mesh and Ad Hoc Communications and Networks",IEEE,Hong Kong,Hong Kong,http://secon2018.ieee-secon.org/,05-02-2018,23
11-11-2019,http://www.guide2research.com/topconf/?p=12964,DYSPAN : IEEE Symposium on New Frontiers in Dynamic Spectrum Access Networks,IEEE,Newark NJ,United States,https://dyspan2019.ieee-dyspan.org/,08-07-2019,23
13-11-2019,http://www.guide2research.com/topconf/?p=12811,BuildSys : ACM International Conference on Systems for Energy-Efficient Built Environments,ACM,New York City,United States,http://buildsys.acm.org/2019,16-06-2019,23
22-09-2020,http://www.guide2research.com/topconf/?p=14381,AVSS : IEEE International Conference on Advanced Video and Signal-Based Surveillance,IEEE,Washington DC,United States,http://www.avss2020.org,06-05-2020,22
29-07-2019,http://www.guide2research.com/topconf/?p=13660,ISLPED : ACM/IEEE International Symposium on Low Power Electronics and Design,ACM,Lausanne,Switzerland,http://www.islped.org/2019/,07-03-2019,22
16-12-2019,http://www.guide2research.com/topconf/?p=12057,ICMLA : International Conference on Machine Learning and Applications,IEEE,Boca Raton,United States,https://www.icmla-conference.org/icmla19,21-07-2019,22
3-01-2020,http://www.guide2research.com/topconf/?p=13699,PSB : Pacific Symposium on Biocomputing,WorldScientific,The Big Island of Hawaii,United States,https://psb.stanford.edu/,02-09-2019,22
9-07-2018,http://www.guide2research.com/topconf/?p=9978,Hypertext : ACM Conference on Hypertext and Hypermedia,ACM,Baltimore,United States,https://ht.acm.org/ht2018/,05-03-2018,22
22-06-2020,http://www.guide2research.com/topconf/?p=13685,SCG : Symposium on Computational Geometry,ACM,Zurich,Switzerland,https://socg20.inf.ethz.ch/,11-02-2020,22
12-09-2020,http://www.guide2research.com/topconf/?p=14158,AMCIS : Americas Conference on Information Systems,AIS,Salt Lake City,United States,https://amcis2020.aisconferences.org,06-05-2020,22
7-10-2019,http://www.guide2research.com/topconf/?p=12730,ICNP : IEEE International Conference on Network Protocols,IEEE,Chicago,United States,https://icnp19.cs.ucr.edu/cfp.html,24-05-2019,22
15-07-2020,http://www.guide2research.com/topconf/?p=13948,SPAA : ACM Symposium on Parallelism in Algorithms and Architectures,ACM,Philadelphia,United States,https://spaa.acm.org/,24-02-2020,22
6-04-2020,http://www.guide2research.com/topconf/?p=13444,WCNCW : IEEE Wireless Communications and Networking Conference Workshops,IEEE,Seoul,South Korea,https://wcnc2020.ieee-wcnc.org/,19-11-2019,22
29-09-2019,http://www.guide2research.com/topconf/?p=13673,IAS : IEEE Industry Applications Society Annual Meeting,IEEE,Baltimore,United States,https://ias.ieee.org/2019annualmeeting,13-05-2019,22
5-04-2020,http://www.guide2research.com/topconf/?p=13949,ISPASS : IEEE International Symposium on Performance Analysis of Systems and Software,IEEE,Boston,United States,https://www.ispass.org/ispass2020/,12-11-2019,22
5-07-2020,http://www.guide2research.com/topconf/?p=14221,SAT : Theory and Applications of Satisfiability Testing,Springer,Alghero,Italy,http://sat2020.idea-researchlab.org/,14-02-2020,22
7-09-2020,http://www.guide2research.com/topconf/?p=14382,CP : International Conference on Principles and Practice of Constraint Programming,Springer,Neuve,Belgium,https://cp2020.a4cp.org,21-04-2020,22
21-10-2019,http://www.guide2research.com/topconf/?p=12343,CNSM : Conference on Network and Service Management,IEEE,Halifax,Canada,http://www.cnsm-conf.org/2019/,01-06-2019,22
3-12-2019,http://www.guide2research.com/topconf/?p=13674,RTSS : IEEE Real-Time Systems Symposium (RTSS),IEEE,Hong Kong,Hong Kong,http://2019.rtss.org/call-for-papers/,09-07-2019,21
13-07-2020,http://www.guide2research.com/topconf/?p=14323,ECOOP : European Conference on Object-oriented Programming (ECOOP),LIPIcs,Berlin,Germany,https://2020.ecoop.org,10-03-2020,21
26-05-2020,http://www.guide2research.com/topconf/?p=13777,QoMEX : International Workshop on Quality of Multimedia Experience,IEEE,Athlone,Ireland,http://qomex2020.ie/,13-01-2020,21
19-07-2020,http://www.guide2research.com/topconf/?p=13778,FUZZ : IEEE International Conference on Fuzzy Systems,IEEE,Glasgow,United Kingdom,https://wcci2020.org/,22-02-2020,21
14-04-2020,http://www.guide2research.com/topconf/?p=14042,PacificVis : IEEE Pacific Visualization Symposium,IEEE,Tianjin,China,http://vis.tju.edu.cn/pvis2020/,29-11-2019,21
3-02-2020,http://www.guide2research.com/topconf/?p=12765,ICSC : IEEE International Conference on Semantic Computing,IEEE,San Diego,United States,http://www.ieee-icsc.org,12-09-2019,21
12-09-2020,http://www.guide2research.com/topconf/?p=14135,ISWC : International Symposium on Wearable Computer,IEEE,CANCÚN,Mexico,http://iswc.net/iswc20/,12-04-2020,21
13-11-2018,http://www.guide2research.com/topconf/?p=10717,AIIDE : Artificial Intelligence and Interactive Digital Entertainment Conference,AAAI,Edmonton,Canada,https://sites.google.com/ncsu.edu/aiide-2018/,01-07-2018,21
2-06-2020,http://www.guide2research.com/topconf/?p=13783,ETRA : Eye Tracking Research & Application,ACM,Stuttgart,Germany,https://etra.acm.org/2020/,11-01-2020,21
10-03-2020,http://www.guide2research.com/topconf/?p=13663,STACS : Symposium on Theoretical Aspects of Computer Science (STACS),LIPIcs,Montpellier,France,http://www.stacs-conf.org/,11-10-2019,21
25-04-2020,http://www.guide2research.com/topconf/?p=13702,FOSSACS : International Conference on Foundations of Software Science and Computation Structures,Springer,Dublin,Ireland,https://www.etaps.org/2020/fossacs,21-12-2019,21
28-07-2020,http://www.guide2research.com/topconf/?p=14330,CCC : Conference on Computational Complexity,ACM,Saarbruecken,Germany,https://computationalcomplexity.org,10-03-2020,21
6-07-2020,http://www.guide2research.com/topconf/?p=14162,IEEE ICWS : IEEE International Conference on Web Services,IEEE,Beijing,China,https://conferences.computer.org/icws/2020/,02-03-2020,21
1-09-2019,http://www.guide2research.com/topconf/?p=13997,CONCUR : International Conference on Concurrency Theory,Springer,Vienna,Austria,https://concur2020.forsyte.at/,06-04-2019,21
15-04-2020,http://www.guide2research.com/topconf/?p=13779,EASE : International Conference on Evaluation and Assessment in Software Engineering,Springer,Trondheim,Norway,https://www.ntnu.edu/ease2020,17-11-2019,21
12-12-2019,http://www.guide2research.com/topconf/?p=13943,ICONIP : International Conference on Neural Information Processing,Springer,Sydney,Australia,http://ajiips.com.au/iconip2019/,01-08-2019,21
3-09-2018,http://www.guide2research.com/topconf/?p=10190,ICAC : IEEE International Conference on Autonomic Computing,IEEE,Trento,Italy,http://icac2018.informatik.uni-wuerzburg.de/,22-04-2018,21
28-10-2019,http://www.guide2research.com/topconf/?p=12285,EDOC : International IEEE Enterprise Distributed Object Computing Conference,IEEE,Paris,France,https://edoc2019.sciencesconf.org/resource/page/id/7,23-06-2019,21
9-12-2019,http://www.guide2research.com/topconf/?p=12894,WIFS : IEEE International Workshop on Information Forensics and Security,IEEE,Delft,Netherlands,https://wifs2019.tudelft.nl,20-07-2019,21
18-10-2020,http://www.guide2research.com/topconf/?p=14365,MODELS : Model Driven Engineering Languages and Systems,ACM,Montreal,Canada,http://www.modelsconference.org,09-06-2020,21
17-06-2020,http://www.guide2research.com/topconf/?p=13944,ITiCSE : Joint Conference on Innovation and Technology in Computer Science Education,ACM,Trondheim,Norway,https://iticse.acm.org/2020/,19-01-2020,21
29-06-2020,http://www.guide2research.com/topconf/?p=14322,IWCMC : International Wireless Communications and Mobile Computing Conference,IEEE,Byblos,Lebanon,https://iwcmc.org/2020/,28-02-2020,21
5-12-2019,http://www.guide2research.com/topconf/?p=12310,UCC : ACM International Conference on Utility and Cloud Computing,ACM,Auckland,New Zealand,https://www.ucc-conference.org/,06-07-2019,21
25-08-2019,http://www.guide2research.com/topconf/?p=13950,ITW : IEEE Information Theory Workshop,IEEE,Visby,Sweden,http://itw2019.org/,26-03-2019,20
26-03-2019,http://www.guide2research.com/topconf/?p=11516,DCC : Data Compression Conference,IEEE,Snowbird,United States,http://www.cs.brandeis.edu/~dcc/index.html,17-11-2018,20
22-03-2020,http://www.guide2research.com/topconf/?p=13680,"CICC : IEEE Custom Integrated Circuits Conference, CICC",IEEE,Boston,United States,http://ieee-cicc.org/2020-call-for-papers/,10-11-2019,20
18-03-2018,http://www.guide2research.com/topconf/?p=10170,CICLing : International Conference on Computational Linguistics and Intelligent Text Processing,Springer,Hanoi,Viet Nam,https://www.cicling.org/2018/,04-11-2017,20
11-07-2018,http://www.guide2research.com/topconf/?p=10545,SCA : ACM SIGGRAPH/Eurographics Symposium on Computer Animation,ACM,Paris,France,http://sca2018.inria.fr/,01-03-2018,20
7-07-2020,http://www.guide2research.com/topconf/?p=14219,SCC : IEEE International Conference on Services Computing,IEEE,BEIJING,China,https://conferences.computer.org/scc/2020/,28-02-2020,20
3-06-2019,http://www.guide2research.com/topconf/?p=11926,ITS : International Conference on Intelligent Tutoring Systems,Springer,Jamaica,Jamaica,https://its2019.iis-international.org/,08-01-2019,20
17-08-2020,http://www.guide2research.com/topconf/?p=14046,ICPP : International Conference on Parallel Processing (ICPP),IEEE,Edmonton,Canada,https://jnamaral.github.io/icpp20/,12-04-2020,20
16-09-2019,http://www.guide2research.com/topconf/?p=11847,ESEM : International Symposium on Empirical Software Engineering and Measurement,IEEE,Porto de Galinhas,Brazil,http://eseiw2019.com/esem/,21-04-2019,20
25-05-2020,http://www.guide2research.com/topconf/?p=14053,DCOSS : IEEE International Conference on Distributed Computing in Sensor Systems,IEEE,Los Angeles,United States,http://www.dcoss.org/,03-01-2020,20
22-03-2020,http://www.guide2research.com/topconf/?p=13781,3DUI : IEEE Symposium on 3D User Interfaces,IEEE,Atlanta,United States,http://ieeevr.org/2020/,25-10-2019,20
26-08-2019,http://www.guide2research.com/topconf/?p=13706,"ARES : International Conference on Availability, Reliability and Security",ACM,Canterbury,United Kingdom,https://www.ares-conference.eu/,07-04-2019,20
11-03-2020,http://www.guide2research.com/topconf/?p=13697,"PDP : Euromicro International Conference on Parallel, Distributed and Network-Based Processing",IEEE,Vasteras,Sweden,http://www.pdp2020.com/,08-11-2019,20
15-06-2020,http://www.guide2research.com/topconf/?p=14159,"WiOpt : International Symposium on Modeling and Optimization in Mobile, Ad Hoc, and Wireless Networks",IEEE,Volos,Greece,http://wi-opt.org/,01-02-2020,20
21-06-2020,http://www.guide2research.com/topconf/?p=13808,ICAISC : International Conference on Artificial Intelligence and Soft Computing,Springer,Zakopane,Poland,http://www.icaisc.eu/,09-02-2020,20
14-10-2019,http://www.guide2research.com/topconf/?p=12320,DISC : International Symposium on Distributed Computing,LIPIcs,Budapest,Hungary,http://www.disc-conference.org/wp/disc2019/,26-05-2019,20
22-06-2020,http://www.guide2research.com/topconf/?p=13368,ACNS : Applied Cryptography and Network Security,Springer,Rome,Italy,https://sites.google.com/di.uniroma1.it/ACNS2020,27-01-2020,20
8-06-2020,http://www.guide2research.com/topconf/?p=14321,XP : International Conference on Agile Processes in Software Engineering and Extreme Programming,Springer,Copenhagen,Denmark,https://www.agilealliance.org/xp2020/,27-01-2020,20
19-06-2020,http://www.guide2research.com/topconf/?p=13684,JCDL : International ACM/IEEE Joint Conference on Digital Libraries,ACM,Wuhan,China,http://2020.jcdl.org/,12-02-2020,19
5-09-2020,http://www.guide2research.com/topconf/?p=13712,PPSN : International Conference on Parallel problem solving from nature,Springer,Leiden,Netherlands,https://ppsn2020.liacs.leidenuniv.nl/,06-04-2020,19
4-11-2019,http://www.guide2research.com/topconf/?p=13700,ICTAI : International Conference on Tools with Artificial Intelligence,IEEE,Portland,United States,http://www.ictai2019.org/,24-06-2019,19
27-09-2020,http://www.guide2research.com/topconf/?p=14356,BTAS : IEEE International Conference on Biometrics: Theory Applications and Systems (BTAS),IEEE,Houston,United States,https://ieee-biometrics.org/ijcb2020/,10-05-2020,19
20-10-2019,http://www.guide2research.com/topconf/?p=13791,VAST : IEEE Symposium on Visual Analytics Science and Technology,IEEE,Vancouver,Canada,http://ieeevis.org/year/2019/welcome,06-06-2019,19
31-10-2018,http://www.guide2research.com/topconf/?p=11143,"WASSA : Workshop on Computational Approaches to Subjectivity, Sentiment and Social Media Analysis",ACL,Brusssels,Belgium,https://wt-public.emm4u.eu/wassa2018/index.htm,25-06-2018,19
14-09-2020,http://www.guide2research.com/topconf/?p=14384,CLUSTER : IEEE International Conference on Cluster Computing,IEEE,Kobe,Japan,https://clustercomp.org/2020/,29-04-2020,19
10-08-2019,http://www.guide2research.com/topconf/?p=12130,HPCC : IEEE International Conference on High Performance Computing and Communications,IEEE,Zhangjiajie,China,http://csee.hnu.edu.cn/hpcc2019/,30-03-2019,19
2-07-2019,http://www.guide2research.com/topconf/?p=11880,IVA : Intelligent Virtual Agents,Springer,Paris,France,http://iva2019.sciencesconf.org,27-02-2019,19
24-03-2020,http://www.guide2research.com/topconf/?p=13707,REFSQ : International Conference on Requirements Engineering: Foundation for Software Quality,Springer,Pisa,Italy,https://refsq.org/welcome,04-11-2019,19
16-06-2020,http://www.guide2research.com/topconf/?p=14037,SEA : International Symposium on Experimental Algorithms,LIPIcs,Catania,Italy,http://www.sea2020.dmi.unict.it/,06-02-2020,19
1-07-2020,http://www.guide2research.com/topconf/?p=14355,ICCSA : International Conference on Computational Science and Its Applications,IEEE,Cagliari,Italy,http://www.iccsa.org,12-02-2020,19
26-05-2020,http://www.guide2research.com/topconf/?p=14050,IFIP SEC : IFIP TC 11 International Conference on ICT Systems Security and Privacy Protection,Springer,Maribor,Slovenia,https://www.ifipsec.org/,01-01-2020,19
14-10-2019,http://www.guide2research.com/topconf/?p=12899,LCN : Local Computer Networks,IEEE,Osnabrück,Germany,http://www.ieeelcn.org,12-06-2019,19
21-10-2019,http://www.guide2research.com/topconf/?p=12479,WiMob : IEEE International Conference on Wireless and Mobile Computing Networking and Communications,IEEE,Barcelona,Spain,http://wimob.org/wimob2019/,02-06-2019,19
4-01-2020,http://www.guide2research.com/topconf/?p=13007,ICDCN : International Conference of Distributed Computing and Networking,ACM,Kolkata,India,https://www.icdcn2020.com/,12-08-2019,19
20-07-2020,http://www.guide2research.com/topconf/?p=14331,HPCS : International Conference on High Performance Computing and Simulation,IEEE,Barcelona,Spain,http://hpcs2020.cisedu.info/,01-03-2020,19
10-11-2019,http://www.guide2research.com/topconf/?p=13675,ISS : ACM International Conference on Interactive Tabletops and Surfaces,ACM,Daejeon,South Korea,https://iss.acm.org/2019/,23-06-2019,18
3-09-2019,http://www.guide2research.com/topconf/?p=12363,ACII : International Conference on Affective Computing and Intelligent Interaction,IEEE,Cambridge,United Kingdom,http://acii-conf.org/2019/important-dates/#top,20-04-2019,18
12-11-2019,http://www.guide2research.com/topconf/?p=12464,VRST : ACM Symposium on Virtual Reality Software and Technology,ACM,Penrith,Australia,https://vrst.acm.org/vrst2019/submissions/,25-06-2019,18
17-05-2020,http://www.guide2research.com/topconf/?p=13681,DAS : IAPR International Workshop on Document Analysis Systems,IEEE,Wuhan,China,http://www.vlrlab.net/das2020/,20-12-2019,18
10-12-2019,http://www.guide2research.com/topconf/?p=13708,WINE : International Conference on Web and Internet Economics,Springer,New York,United States,http://wine2019.cs.columbia.edu/,28-07-2019,18
25-11-2019,http://www.guide2research.com/topconf/?p=12908,"MSWIM : ACM International Conference on Modeling, Analysis and Simulation of Wireless and Mobile Systems",ACM,Miami,,http://mswimconf.com/2019/,10-07-2019,18
30-03-2020,http://www.guide2research.com/topconf/?p=13686,ICDT : International Conference on Database Theory,Springer,Copenhagen,Denmark,https://diku-dk.github.io/edbticdt2020/,19-11-2019,18
28-10-2019,http://www.guide2research.com/topconf/?p=12342,ICSOC : International Conference on Service Oriented Computing,Springer,Toulouse,France,http://www.icsoc.org/,04-06-2019,18
29-09-2019,http://www.guide2research.com/topconf/?p=13670,ISGT : IEEE PES Innovative Smart Grid Technologies Conference Europe,IEEE,Bucharest,Romania,http://sites.ieee.org/isgt-europe-2019/,23-05-2019,18
6-07-2020,http://www.guide2research.com/topconf/?p=14220,ICALT : IEEE International Conference on Advanced Learning Technologies,IEEE,Tartu,Estonia,https://icalt2020.ut.ee,25-02-2020,18
25-04-2020,http://www.guide2research.com/topconf/?p=13671,FASE : International Conference on Fundamental Approaches to Software Engineering,Springer,Dublin,Ireland,https://www.etaps.org/2020/fase,29-11-2019,18
22-04-2020,http://www.guide2research.com/topconf/?p=14052,ESANN : European Symposium on Artificial Neural Networks,UCL,Bruges,Belgium,https://www.esann.org/,01-12-2019,18
9-09-2019,http://www.guide2research.com/topconf/?p=12504,ICIAP : International Conference on Image Analysis and Processing,Springer,Trento,Italy,https://event.unitn.it/iciap2019/,15-04-2019,18
17-02-2020,http://www.guide2research.com/topconf/?p=13721,EWSN : International Conference on Embedded Wireless Systems and Networks,ACM,Lyon,France,http://ewsn2020.conf.citi-lab.fr/index.html,19-09-2019,18
26-10-2020,http://www.guide2research.com/topconf/?p=14369,ATVA : Automated Technology for Verification and Analysis,Springer,Hanoi,Viet Nam,http://fit.uet.vnu.edu.vn/atva2020/,07-06-2020,18
6-05-2020,http://www.guide2research.com/topconf/?p=14196,"CSCWD : International Conference on Computer Supported Cooperative Work in Design, CSCWD",IEEE,Dalian,China,http://2020.cscwd.org/,25-12-2019,17
20-07-2020,http://www.guide2research.com/topconf/?p=13701,ISSAC : International Symposium on Symbolic and Algebraic Computation,ACM,Kalamata,Greece,http://www.issac-conference.org/2020/,08-03-2020,17
29-06-2020,http://www.guide2research.com/topconf/?p=14328,CADE : International Conference on Automated Deduction,Springer,Paris,France,https://ijcar2020.org/,28-02-2020,17
3-11-2020,http://www.guide2research.com/topconf/?p=14340,ER : International Conference on Conceptual Modeling,Springer,Vienna,Austria,https://er2020.big.tuwien.ac.at/,19-06-2020,17
28-08-2019,http://www.guide2research.com/topconf/?p=11784,SEAA : EUROMICRO Conference on Software Engineering and Advanced Applications,IEEE,Thessaloniki / Chalkidiki,Greece,http://dsd-seaa2019.csd.auth.gr,03-04-2019,17
28-04-2020,http://www.guide2research.com/topconf/?p=14319,RFID : IEEE International Conference on Radio Frequency Identification,IEEE,Orlando,United States,http://2020.ieee-rfid.org/,20-12-2019,17
15-12-2019,http://www.guide2research.com/topconf/?p=13415,INDOCRYPT : International Conference on Cryptology in India,Springer,Hyderabad,India,https://www.isical.ac.in/~indocrypt2019,22-07-2019,17
21-05-2020,http://www.guide2research.com/topconf/?p=13817,DASFAA : International Conference on Database Systems for Advanced Applications,Springer,Jeju,South Korea,http://db.pknu.ac.kr/dasfaa2020/,05-01-2020,17
20-05-2020,http://www.guide2research.com/topconf/?p=13951,RCIS : International Conference on Research Challenges in Information Science,IEEE,Limassol,Cyprus,http://www.rcis-conf.com/rcis2020/,08-01-2020,17
9-06-2020,http://www.guide2research.com/topconf/?p=13782,ICWE : International Conference on Web Engineering,Springer,Helsinki,Finland,http://icwe2020.webengineering.org/,06-02-2020,17
19-01-2020,http://www.guide2research.com/topconf/?p=13672,"VMCAI : Verification, Model Checking and Abstract Interpretation",ACM,New Orleans,United States,https://popl20.sigplan.org/home/VMCAI-2020#Call-for-Papers,09-09-2019,17
4-03-2018,http://www.guide2research.com/topconf/?p=7833,BSN : International Workshop on Wearable and Implantable Body Sensor Networks,IEEE,Las Vegas,United States,https://bhi-bsn.embs.org/2018/,28-10-2017,17
30-06-2020,http://www.guide2research.com/topconf/?p=13826,MDM : International Conference on Mobile Data Management,IEEE,Versailles,France,http://www.mdmconferences.org/mdm2020/,31-01-2020,17
30-10-2018,http://www.guide2research.com/topconf/?p=10061,"ISoLA : International Symposium On Leveraging Applications of Formal Methods, Verification and Validation",Springer,Royal Apollonia Beach Hotel,Cyprus,http://www.isola-conference.org/isola2018,01-06-2018,17
26-08-2019,http://www.guide2research.com/topconf/?p=12148,MFCS : Mathematical Foundations of Computer Science,LIPIcs,Aachen,Germany,http://tcs.rwth-aachen.de/mfcs2019/,28-03-2019,17
25-06-2019,http://www.guide2research.com/topconf/?p=11941,AIED : Artificial Intelligence in Education,Springer,Chicago,United States,http://caed-lab.com/aied2019/index.html,12-02-2019,17
29-10-2019,http://www.guide2research.com/topconf/?p=12719,"IPCCC : IEEE International Performance, Computing, and Communications Conference",IEEE,London,United Kingdom,http://ipccc.org,09-06-2019,17
2-09-2019,http://www.guide2research.com/topconf/?p=11367,INTERACT : IFIP Conference on Human-Computer Interaction,Springer,Paphos,Cyprus,http://interact2019.org/,16-04-2019,16
5-06-2018,http://www.guide2research.com/topconf/?p=10365,*SEM : Joint Conference on Lexical and Computational Semantics,ACL,New Orleans,United States,https://sites.google.com/view/starsem2018,13-01-2018,16
30-10-2019,http://www.guide2research.com/topconf/?p=13709,GameSec : Conference on the Decision and Game Theory for Security (GameSec),Springer,Stockholm,Sweden,http://www.gamesec-conf.org/,31-05-2019,16
9-09-2019,http://www.guide2research.com/topconf/?p=13705,ECSA : European Conference on Software Architecture,Springer,Paris,France,https://ecsa2019.univ-lille.fr/,21-04-2019,16
27-04-2020,http://www.guide2research.com/topconf/?p=13710,IDA : Intelligent Data Analysis,Springer,Konstanz,Germany,https://ida2020.org/,15-12-2019,16
17-09-2019,http://www.guide2research.com/topconf/?p=12131,ICANN : International Conference on Artificial Neural Networks,Springer,Munich,Germany,https://e-nns.org/icann2019/,26-04-2019,16
15-09-2020,http://www.guide2research.com/topconf/?p=14269,"SAFECOMP : International Conference on Computer Safety, Reliability, and Security",Springer,Lisbon,Portugal,http://safecomp2020.di.fc.ul.pt/,13-05-2020,16
18-08-2019,http://www.guide2research.com/topconf/?p=13711,RTCSA : IEEE International Conference on Embedded and Real-Time Computing Systems and Applications,IEEE,Hangzhou,China,https://rtcsa2019.github.io/index/,01-04-2019,16
15-06-2020,http://www.guide2research.com/topconf/?p=13827,PDC : Participatory Design Conference,ACM,Manizales,Colombia,http://www.pdc2020.org/,17-01-2020,16
1-07-2020,http://www.guide2research.com/topconf/?p=14368,"CISIS : International Conference on Complex, Intelligent and Software Intensive Systems",Springer,Lodz,Poland,http://voyager.ce.fit.ac.jp/conf/cisis/2020/,17-02-2020,16
22-06-2020,http://www.guide2research.com/topconf/?p=14334,IHMMSEC : ACM workshop on Information hiding and multimedia security,ACM,Denver,United States,https://www.ihmmsec.org/cms/home/index.html,12-02-2020,16
15-06-2020,http://www.guide2research.com/topconf/?p=13955,ICHI : IEEE International Conference on Healthcare Informatics,IEEE,Oldenburg,Germany,https://hs-heilbronn.de/ichi2020,06-02-2020,16
8-06-2020,http://www.guide2research.com/topconf/?p=13793,IPCO : International Conference on Integer Programming and Combinatorial Optimization,Springer,London,United Kingdom,http://www.lse.ac.uk/IPCO-2020,10-01-2020,16
23-07-2019,http://www.guide2research.com/topconf/?p=12296,SSDBM : Statistical and Scientific Database Management,ACM,Santa Cruz,United States,https://www.soe.ucsc.edu/ssdbm19,22-03-2019,16
15-09-2020,http://www.guide2research.com/topconf/?p=13818,EKAW : Knowledge Engineering and Management by the Masses,Springer,Bolzano,Italy,https://ekaw2020.inf.unibz.it/,13-05-2020,16
12-11-2019,http://www.guide2research.com/topconf/?p=13688,PCS : Picture Coding Symposium,IEEE,Ningbo,China,http://pcs2019.org/,04-07-2019,15
17-10-2019,http://www.guide2research.com/topconf/?p=12293,NOCS : ACM/IEEE International Symposium on Networks-on-Chip,ACM,New York,United States,https://www.engr.colostate.edu/nocs2019/call-for-papers/,20-05-2019,15
3-11-2019,http://www.guide2research.com/topconf/?p=13698,IJCNLP : International Joint Conference on Natural Language Processing (IJCNLP),ACL,Hong Kong,Hong Kong,https://www.emnlp-ijcnlp2019.org/,28-06-2019,15
7-10-2019,http://www.guide2research.com/topconf/?p=12351,ISVC : International Symposium on Visual Computing,Springer,Lake Tahoe,United States,http://www.isvc.net,23-05-2019,15
27-10-2019,http://www.guide2research.com/topconf/?p=11695,MMSP : IEEE Workshop on Multimedia Signal Processing,IEEE,Kuala Lumpur,Malaysia,http://mmsp2019.org,06-06-2019,15
17-09-2019,http://www.guide2research.com/topconf/?p=13703,ECTA : International Conference on Applications of Evolutionary Computation,SciTePress,Vienna,Austria,http://www.ecta.ijcci.org/,07-05-2019,15
31-08-2019,http://www.guide2research.com/topconf/?p=13789,SSBSE : International Conference on Search based Software Engineering,ACM,Tallinn,Estonia,http://ssbse19.mines-albi.fr/,01-04-2019,15
27-07-2017,http://www.guide2research.com/topconf/?p=5778,ICSI : International Conference on Advances in Swarm Intelligence,Springer,Fukuoka,Japan,http://www.ic-si.org/,21-03-2017,15
26-09-2019,http://www.guide2research.com/topconf/?p=13480,NCA : IEEE International Symposium on Network Computing and Applications,IEEE,Cambridge,United States,http://www.ieee-nca.org/2019/index.php?p=10_Main_Page.md,09-05-2019,15
5-11-2019,http://www.guide2research.com/topconf/?p=12771,"Mobiquitous : International Conference on Mobile and Ubiquitous Systems: Computing, Networking and Services",EAI,Houston,United States,http://mobiquitous.org/,12-06-2019,15
1-10-2019,http://www.guide2research.com/topconf/?p=11691,SRDS : Symposium on Reliable Distributed Systems,IEEE,Lyon,France,https://srds2019.projet.liris.cnrs.fr/,26-05-2019,15
8-02-2020,http://www.guide2research.com/topconf/?p=13720,ALT : Algorithmic Learning Theory (ALT),PMLR,San Diego,United States,http://alt2020.algorithmiclearningtheory.org/,22-09-2019,15
17-06-2020,http://www.guide2research.com/topconf/?p=14160,CPM : Combinatorial Pattern Matching,LIPIcs,Copenhagen,Denmark,http://www.imm.dtu.dk/~inge/CPM/,25-01-2020,15
17-06-2020,http://www.guide2research.com/topconf/?p=14007,DGO : Annual International Conference on Digital Government Research,ACM,Seoul,South Korea,http://dgsoc.org/dgo-2020/,31-01-2020,15
4-12-2019,http://www.guide2research.com/topconf/?p=13715,ICPADS : International Conference on Parallel and Distributed Systems,IEEE,Tianjin,China,http://www.icpads2019.cn/,27-07-2019,15
26-05-2020,http://www.guide2research.com/topconf/?p=13998,CPAIOR : International Conference on Integration of AI and OR Techniques in Constraint Programming,Springer,Vienna,Austria,https://cpaior.org/,18-01-2020,15
23-05-2020,http://www.guide2research.com/topconf/?p=14333,ICSSP : International Conference on Software and System Process,IEEE,Seoul,South Korea,http://dbsi.hdu.edu.cn/icssp2020/,17-01-2020,15
5-05-2020,http://www.guide2research.com/topconf/?p=14193,I3DG : Symposium on Interactive 3D Graphics,ACM,San Francisco,United States,http://i3dsymposium.github.io/2020/,25-12-2019,15
12-11-2019,http://www.guide2research.com/topconf/?p=13786,ITC : IEEE International Test Conference,IEEE,Washington,United States,http://www.itctestweek.org/,17-06-2019,15
21-10-2019,http://www.guide2research.com/topconf/?p=13954,SLE : Software Language Engineering,ACM,Athens,Greece,http://www.sleconf.org/2019/,11-06-2019,15
10-08-2020,http://www.guide2research.com/topconf/?p=14194,VL/HCC : IEEE Symposium on Visual Languages and Human-Centric Computing,IEEE,Dunedin,New Zealand,https://conf.researchr.org/track/vlhcc2020/vlhcc2020-papers,05-04-2020,15
1-08-2020,http://www.guide2research.com/topconf/?p=14352,ICNC : International Conference on Natural Computation,IEEE,Xi’an,China,https://icnc-fskd.sust.edu.cn/index.htm,22-03-2020,14
28-03-2021,http://www.guide2research.com/topconf/?p=14155,EMO : Evolutionary Multi-Criterion Optimization,Springer,Shenzhen,China,https://www.emo2021.org/,02-11-2020,14
20-04-2020,http://www.guide2research.com/topconf/?p=13584,ICDE : International Conference on Data Engineering Workshops,IEEE,Dallas,United States,https://www.utdallas.edu/icde/,26-11-2019,14
26-08-2019,http://www.guide2research.com/topconf/?p=12055,DaWaK : Data Warehousing and Knowledge Discovery (DaWaK),Springer,Linz,Austria,http://www.dexa.org/dawak2019,23-04-2019,14
2-09-2017,http://www.guide2research.com/topconf/?p=7453,RANLP : Recent Advances in Natural Language Processing,ACL,Varna,Bulgaria,http://lml.bas.bg/ranlp2017/start.php,19-04-2017,14
24-06-2020,http://www.guide2research.com/topconf/?p=13932,Web3D : International Conference on 3D Web Technology,ACM,Seoul,South Korea,https://web3d2020.web3d.org/,30-01-2020,14
2-06-2020,http://www.guide2research.com/topconf/?p=14070,SYSTOR : ACM International Systems and Storage Conference,ACM,Haifa,Israel,https://www.systor.org/2020/,09-01-2020,14
5-05-2020,http://www.guide2research.com/topconf/?p=13042,ICEIS : International Conference on Enterprise Information Systems,SciTePress,Prague,Czech Republic,http://www.iceis.org/,16-12-2019,14
8-12-2019,http://www.guide2research.com/topconf/?p=13351,ISAAC : International Symposium on Algorithms and Computation,LIPIcs,Shanghai,China,http://itcs.shufe.edu.cn/isaac2019/,13-07-2019,14
2-12-2019,http://www.guide2research.com/topconf/?p=13693,DICTA : International Conference on Digital Image Computing Techniques and Applications,IEEE,Perth,Australia,http://dicta2019.dictaconference.org/,27-07-2019,14
11-12-2019,http://www.guide2research.com/topconf/?p=13718,FST&TCS : Foundations of Software Technology and Theoretical Computer Science,LIPIcs,Bombay,India,https://www.fsttcs.org.in/2019/index.php,01-08-2019,14
17-12-2019,http://www.guide2research.com/topconf/?p=13431,OPODIS : International Conference On Principles Of DIstributed Systems,LIPIcs,Neuchâtel,Switzerland,https://opodis2019.unine.ch/,10-08-2019,14
15-10-2019,http://www.guide2research.com/topconf/?p=13687,SBAC-PAD : International Symposium on Computer Architecture and High Performance Computing,IEEE,Campo Grande,Brazil,http://sbac-pad.facom.ufms.br/,04-06-2019,14
27-11-2019,http://www.guide2research.com/topconf/?p=12636,PROFES : Product Focused Software Process Improvement,Springer,Barcelona,Spain,https://profes2019.upc.edu,16-07-2019,14
23-05-2020,http://www.guide2research.com/topconf/?p=14054,ICGSE : IEEE International Conference on Global Software Engineering,IEEE,Seoul,South Korea,https://conf.researchr.org/home/icgse-2020,13-01-2020,14
19-05-2020,http://www.guide2research.com/topconf/?p=14380,ISORC : IEEE International Symposium on Object Oriented Real-Time Distributed Computing,IEEE,Nashville,United States,https://isorc.github.io/2020/,15-01-2020,14
22-02-2020,http://www.guide2research.com/topconf/?p=13483,ICAART : International Conference on Agents and Artificial Intelligence,SciTePress,Valletta,Malta,http://www.icaart.org/,13-10-2019,14
24-06-2020,http://www.guide2research.com/topconf/?p=14335,ICIAR : International Conference on Image Analysis and Recognition,Springer,Póvoa de Varzim,Portugal,https://www.aimiconf.org/iciar20/,18-02-2020,14
18-09-2019,http://www.guide2research.com/topconf/?p=13056,WEBIST : International Conference on Web Information Systems and Technologies,SciTePress,Vienna,Austria,http://www.webist.org/,04-05-2019,14
26-11-2019,http://www.guide2research.com/topconf/?p=12947,WISE : Web Information Systems Engineering,Springer,Hong Kong,Hong Kong,https://wise2019.comp.polyu.edu.hk,02-07-2019,14
11-12-2019,http://www.guide2research.com/topconf/?p=13718,FSTTCS : Foundations of Software Technology and Theoretical Computer Science,LIPIcs,Bombay,India,https://www.fsttcs.org.in/2019/index.php,02-08-2019,14
7-10-2019,http://www.guide2research.com/topconf/?p=12196,PPDP : International Symposium on Principles and Practice of Declarative Programming,ACM,Proto,Portugal,http://ppdp2019.macs.hw.ac.uk,01-06-2019,14
16-09-2019,http://www.guide2research.com/topconf/?p=13790,SEFM : Software Engineering and Formal Methods,Springer,Oslo,Norway,https://sefm2019.inria.fr/,10-05-2019,14
10-07-2019,http://www.guide2research.com/topconf/?p=11995,SEKE : International Conference on Software Engineering and Knowledge Engineering,DBLP,Lisbon,Portugal,http://ksiresearchorg.ipage.com/seke/seke19.html,25-02-2019,14
1-12-2019,http://www.guide2research.com/topconf/?p=12632,VCIP : IEEE Visual Communications and Image Processing,IEEE,Sydney,Australia,http://www.vcip2019.org/,24-07-2019,14
21-05-2020,http://www.guide2research.com/topconf/?p=14218,GI : Graphics Interface Conference,ACM,Toronto,Canada,https://graphicsinterface.org/conference/2020/,07-01-2020,13
18-02-2020,http://www.guide2research.com/topconf/?p=13717,WSA : Workshop on Smart Antennas,IEEE,Hamburg,Germany,https://cgi.tu-harburg.de/~c00wsa20/index.php?page=call-for-papers,09-10-2019,13
13-10-2019,http://www.guide2research.com/topconf/?p=12049,"CASES : International Conference on Compilers, Architecture, and Synthesis for Embedded Systems",ACM,New York City,United States,http://www.esweek.org/cases/about,27-05-2019,13
18-11-2018,http://www.guide2research.com/topconf/?p=10768,"ICARCV : International Conference on Control, Automation, Robotics and Vision",IEEE,Singapore,Singapore,http://www.ieee-ras.org/conferences-workshops/technically-co-sponsored/icarcv,04-07-2018,13
2-12-2019,http://www.guide2research.com/topconf/?p=13716,APSEC : Asia-Pacific Software Engineering Conference,IEEE,Putrajaya,Malaysia,https://seminar.utmspace.edu.my/apsec2019/,10-07-2019,13
30-10-2019,http://www.guide2research.com/topconf/?p=12129,ICTAC : International Colloquium on Theoretical Aspects of Computing,Springer,Hammamet,Tunisia,http://ictac2019.redcad.org,22-06-2019,13
13-11-2017,http://www.guide2research.com/topconf/?p=7862,FEM : International Conference on Formal Engineering Methods,Springer,Xi’an,China,http://ictt.xidian.edu.cn/icfem2017/,20-06-2017,13
7-10-2019,http://www.guide2research.com/topconf/?p=13714,SPIRE : International Symposium on String Processing and Information Retrieval,Springer,Segovia,Spain,https://spire19.lbd.org.es/,17-05-2019,13
11-09-2019,http://www.guide2research.com/topconf/?p=13797,IPEC : International Workshop on Parameterized and Exact Computation,Springer,Munich,Germany,https://easychair.org/cfp/ipec2019,03-05-2019,13
21-06-2017,http://www.guide2research.com/topconf/?p=7837,WETICE : IEEE International Workshops on Enabling Technologies: Infrastructure for Collaborative Enterprises,IEEE,Poznan,Poland,http://wetice.ue.poznan.pl/,10-02-2017,13
4-07-2018,http://www.guide2research.com/topconf/?p=9371,HSI : Conference on Human System Interactions,IEEE,Gdansk,Poland,http://hsi2018.welcometohsi.org/,01-03-2018,13
22-07-2017,http://www.guide2research.com/topconf/?p=7854,ISI : IEEE International Conference on Intelligence and Security Informatics,IEEE,Beijing,China,http://www.isi-conf.org/call-for-papers.html,09-03-2017,13
9-09-2020,http://www.guide2research.com/topconf/?p=13935,ICCHP : International Conference on Computers Helping People with Special Needs,Springer,Lecco,Italy,https://www.icchp.org/,22-04-2020,13
23-01-2020,http://www.guide2research.com/topconf/?p=13933,SAMI : International Symposium on Applied Machine Intelligence and Informatics,IEEE,Herl\'any,Slovakia,http://conf.uni-obuda.hu/sami2020/,25-08-2019,13
30-09-2019,http://www.guide2research.com/topconf/?p=13724,VISSOFT : IEEE Working Conference on Software Visualization,IEEE,Cleveland,United States,http://vissoft19.dcc.uchile.cl/,23-05-2019,13
25-08-2020,http://www.guide2research.com/topconf/?p=13934,ADBIS : Advances in Databases and Information Systems,Springer,Lyon,France,http://eric.univ-lyon2.fr/adbis-tpdl-eda-2020/adbis/,18-04-2020,13
11-05-2020,http://www.guide2research.com/topconf/?p=13925,HPSR : Workshop on High Performance Switching and Routing,IEEE,Newark,United States,https://hpsr2020.ieee-hpsr.org/authors/,07-01-2020,13
27-05-2019,http://www.guide2research.com/topconf/?p=11908,LION : Learning and Intelligent Optimization,Springer,Chania,Greece,http://www.lion13.pem.tuc.gr,04-01-2019,12
15-06-2020,http://www.guide2research.com/topconf/?p=13931,IPMU : International Conference on Information Processing and Management of Uncertainty in Knowledge-Based Systems,Springer,Lisbon,Portugal,https://ipmu2020.inesc-id.pt/,22-01-2020,12
27-02-2020,http://www.guide2research.com/topconf/?p=13691,InfoVis : International Conference on Information Visualization,IEEE,Valletta,Malta,http://ivapp.visigrapp.org/,15-10-2019,12
17-09-2019,http://www.guide2research.com/topconf/?p=12483,GD : Symposium on Graph Drawing,Springer,Prague,Czech Republic,https://kam.mff.cuni.cz/gd2019/,16-05-2019,12
10-11-2019,http://www.guide2research.com/topconf/?p=13181,ICECCS : IEEE International Conference on Engineering of Complex Computer Systems,IEEE,Hong Kong,China,https://formal-analysis.com/iceccs/2019/,17-06-2019,12
29-07-2019,http://www.guide2research.com/topconf/?p=11500,COCOON : International Conference on Computing and Combinatorics,Springer,Xian,China,http://ictt.xidian.edu.cn/COCOON2019/index.html,28-03-2019,12
6-04-2020,http://www.guide2research.com/topconf/?p=14134,SPICE : Software Process Improvement and Capability Determination,Springer,Roskilde University,Denmark,http://www.spiceconference.com/,13-11-2019,12
10-02-2020,http://www.guide2research.com/topconf/?p=13930,ACIVS : Advanced Concepts for Intelligent Vision Systems,Springer,Auckland,New Zealand,http://acivs.org/acivs2020/,28-09-2019,12
27-11-2017,http://www.guide2research.com/topconf/?p=7852,APLAS : Asian Symposium on Programming Languages and Systems,Springer,Suzhou,China,https://www-aplas.github.io/,01-07-2017,12
11-05-2020,http://www.guide2research.com/topconf/?p=14336,DLT : Developments in Language Theory,Springer,Tampa,United States,http://knot.math.usf.edu/dlt2020/,25-12-2019,12
9-12-2019,http://www.guide2research.com/topconf/?p=12873,ICA3PP : International Conference on Algorithms and Architectures for Parallel Processing,IEEE,Melbourne,Australia,http://nsclab.org/ica3pp2019/,10-07-2019,12
16-10-2019,http://www.guide2research.com/topconf/?p=12592,TIME : International Symposium on Temporal Representation and Reasoning,LIPIcs,Malaga (Spain),Spain,https://sites.google.com/unife.it/time-2019,03-06-2019,12
18-11-2019,http://www.guide2research.com/topconf/?p=12397,SOCA : IEEE International Conference on Service-Oriented Computing and Applications,IEEE,Kaohsiung,Taiwan,https://www.cs.ccu.edu.tw/~conference/soca2019,21-06-2019,12
1-06-2019,http://www.guide2research.com/topconf/?p=12084,IOLTS : IEEE International On-Line Testing Symposium,IEEE,Rhodes Island,Greece,http://tima.univ-grenoble-alpes.fr/conferences/iolts/iolts19/,27-01-2019,12
4-09-2019,http://www.guide2research.com/topconf/?p=12801,HAIS : International Conference on Hybrid Artificial Intelligent Systems,Springer,Leon,Spain,http://2019.haisconference.eu/,13-04-2019,12
21-09-2017,http://www.guide2research.com/topconf/?p=6849,SYNASC : International Symposium on Symbolic and Numeric Algorithms for Scientific Computing,IEEE,Timisoara,Romania,http://synasc.ro/2017/,21-04-2017,12
